<?xml version = '1.0' encoding = 'UTF-8'?>
<Table class="oracle.dbtools.crest.model.design.relational.Table" directorySegmentName="seg_0" id="33FF1184-6693-67D6-D4BC-D4CD1BA7DAE8" name="Produkt">
<createdBy>wojci</createdBy>
<createdTime>2023-11-21 19:42:27 UTC</createdTime>
<generatorID>0B073131-6F93-AB4B-B8C6-63FE54CE28BF</generatorID>
<ownerDesignName>sql</ownerDesignName>
<allowColumnReorder>false</allowColumnReorder>
<existDependencyGenerateInDDl>true</existDependencyGenerateInDDl>
<parsed>true</parsed>
<columns itemClass="oracle.dbtools.crest.model.design.relational.Column">
<Column name="Nazwa_produktu" id="510C2FDE-7362-D69F-2F10-69A0A9BB9440">
<createdBy>wojci</createdBy>
<createdTime>2023-11-21 19:42:27 UTC</createdTime>
<generatorID>7F1ECAB8-3535-D821-0BAD-DC4B7015420E</generatorID>
<ownerDesignName>sql</ownerDesignName>
<useDomainConstraints>false</useDomainConstraints>
<use>1</use>
<logicalDatatype>LOGDT024</logicalDatatype>
<dataTypeSize>50</dataTypeSize>
<ownDataTypeParameters>50,,</ownDataTypeParameters>
<autoIncrementCycle>false</autoIncrementCycle>
</Column>
<Column name="Cena_produkcji" id="F5A016CA-565E-DDB3-B511-AEC7D2A371F5">
<createdBy>wojci</createdBy>
<createdTime>2023-11-21 19:42:27 UTC</createdTime>
<generatorID>42F1496B-7569-A662-AFBF-22C23E71E31D</generatorID>
<ownerDesignName>sql</ownerDesignName>
<useDomainConstraints>false</useDomainConstraints>
<use>1</use>
<logicalDatatype>LOGDT019</logicalDatatype>
<dataTypePrecision>15</dataTypePrecision>
<dataTypeScale>2</dataTypeScale>
<ownDataTypeParameters>,15,2</ownDataTypeParameters>
<autoIncrementCycle>false</autoIncrementCycle>
</Column>
<Column name="Opis" id="68D8885D-1E57-0CBB-BDDA-3224C3761ADD">
<createdBy>wojci</createdBy>
<createdTime>2023-11-21 19:42:27 UTC</createdTime>
<generatorID>334E9E13-2852-2600-C175-E2F524A80982</generatorID>
<ownerDesignName>sql</ownerDesignName>
<nullsAllowed>true</nullsAllowed>
<useDomainConstraints>false</useDomainConstraints>
<use>1</use>
<logicalDatatype>LOGDT024</logicalDatatype>
<dataTypeSize>200</dataTypeSize>
<ownDataTypeParameters>200,,</ownDataTypeParameters>
<autoIncrementCycle>false</autoIncrementCycle>
</Column>
<Column name="Kategoria_produktu_Kategoria" id="8B97DC83-83DA-1665-DC65-E9F1AE6A586A">
<createdBy>wojci</createdBy>
<createdTime>2023-11-21 19:42:27 UTC</createdTime>
<generatorID>04C65546-2FBC-8A74-4064-175D68665E07</generatorID>
<ownerDesignName>sql</ownerDesignName>
<useDomainConstraints>false</useDomainConstraints>
<use>1</use>
<logicalDatatype>LOGDT024</logicalDatatype>
<dataTypeSize>50</dataTypeSize>
<ownDataTypeParameters>,,</ownDataTypeParameters>
<previousColumn>false</previousColumn>
<autoIncrementCycle>false</autoIncrementCycle>
<associations>
<colAssociation fkAssociation="B897D3D5-1952-EA57-B3C0-8E2BD9F5DB9F" referredColumn="CA437200-4879-0B21-D3E3-52363BC49952"/>
</associations>
</Column>
</columns>
<indexes itemClass="oracle.dbtools.crest.model.design.relational.Index">
<ind_PK_UK id="C7E74A49-844F-FC52-7B9A-8B0406D23B7A" name="Produkt_PK">
<createdBy>wojci</createdBy>
<createdTime>2023-11-21 19:42:27 UTC</createdTime>
<generatorID>BDD2FFE9-7343-FB66-54FA-B5533DCBA5EA</generatorID>
<ownerDesignName>sql</ownerDesignName>
<pk>true</pk>
<indexState>Primary Constraint</indexState>
<isSurrogateKey>false</isSurrogateKey>
<indexColumnUsage>
<colUsage columnID="510C2FDE-7362-D69F-2F10-69A0A9BB9440"/>
</indexColumnUsage>
</ind_PK_UK>
<ind_PK_UK id="02561A79-7A36-66F9-EC11-BCC3227AF99A" name="Produkt_Kategoria_produktu_FK">
<createdBy>wojci</createdBy>
<createdTime>2023-11-21 19:42:27 UTC</createdTime>
<generatorID>066D9D32-CEDC-0731-4EAE-E13CA9E9D2F8</generatorID>
<ownerDesignName>sql</ownerDesignName>
<indexState>Foreign Key</indexState>
<isSurrogateKey>false</isSurrogateKey>
<indexColumnUsage>
<colUsage columnID="8B97DC83-83DA-1665-DC65-E9F1AE6A586A"/>
</indexColumnUsage>
</ind_PK_UK>
</indexes>
</Table>