<?xml version = '1.0' encoding = 'UTF-8'?>
<Table class="oracle.dbtools.crest.model.design.relational.Table" directorySegmentName="seg_0" id="8BA7292D-1914-7D2B-1842-D7132004FFA9" name="Klient">
<createdBy>wojci</createdBy>
<createdTime>2023-11-21 19:42:27 UTC</createdTime>
<generatorID>5741D120-AC7F-BCE0-BB25-44A67B6431B0</generatorID>
<ownerDesignName>sql</ownerDesignName>
<allowColumnReorder>false</allowColumnReorder>
<existDependencyGenerateInDDl>true</existDependencyGenerateInDDl>
<parsed>true</parsed>
<columns itemClass="oracle.dbtools.crest.model.design.relational.Column">
<Column name="Nazwa_firmy" id="AF625DEE-FEE2-9522-EA3F-E60D62550623">
<createdBy>wojci</createdBy>
<createdTime>2023-11-21 19:42:27 UTC</createdTime>
<generatorID>6BAF762C-5B42-1456-01E1-EFB4425F5BB0</generatorID>
<ownerDesignName>sql</ownerDesignName>
<useDomainConstraints>false</useDomainConstraints>
<use>1</use>
<logicalDatatype>LOGDT024</logicalDatatype>
<dataTypeSize>50</dataTypeSize>
<ownDataTypeParameters>50,,</ownDataTypeParameters>
<autoIncrementCycle>false</autoIncrementCycle>
</Column>
<Column name="Numer_telefonu" id="EC96634C-B473-9A90-02AB-553055566B1B">
<createdBy>wojci</createdBy>
<createdTime>2023-11-21 19:42:27 UTC</createdTime>
<generatorID>A4BA797A-386A-7209-D8C9-63E0F765B274</generatorID>
<ownerDesignName>sql</ownerDesignName>
<useDomainConstraints>false</useDomainConstraints>
<use>1</use>
<logicalDatatype>LOGDT019</logicalDatatype>
<dataTypePrecision>9</dataTypePrecision>
<ownDataTypeParameters>,9,</ownDataTypeParameters>
<autoIncrementCycle>false</autoIncrementCycle>
</Column>
<Column name="Adres_Email" id="48BB3261-8AD9-C472-03C9-2AC16F602F03">
<createdBy>wojci</createdBy>
<createdTime>2023-11-21 19:42:27 UTC</createdTime>
<generatorID>ED8404AA-4623-8438-4081-FABDB6579F37</generatorID>
<ownerDesignName>sql</ownerDesignName>
<useDomainConstraints>false</useDomainConstraints>
<use>1</use>
<logicalDatatype>LOGDT024</logicalDatatype>
<dataTypeSize>50</dataTypeSize>
<ownDataTypeParameters>50,,</ownDataTypeParameters>
<autoIncrementCycle>false</autoIncrementCycle>
</Column>
<Column name="Kod_pocztowy" id="2104CA53-FA68-B7AC-2561-B30778B52F84">
<createdBy>wojci</createdBy>
<createdTime>2023-11-21 19:42:27 UTC</createdTime>
<generatorID>79BA9038-53E3-1DCE-EABB-7D175CB03BD5</generatorID>
<ownerDesignName>sql</ownerDesignName>
<useDomainConstraints>false</useDomainConstraints>
<use>1</use>
<logicalDatatype>LOGDT024</logicalDatatype>
<dataTypeSize>6</dataTypeSize>
<ownDataTypeParameters>6,,</ownDataTypeParameters>
<autoIncrementCycle>false</autoIncrementCycle>
</Column>
<Column name="Ulica" id="BDB2DEDE-B8F3-9AC8-D1F9-3C07DBBB3385">
<createdBy>wojci</createdBy>
<createdTime>2023-11-21 19:42:27 UTC</createdTime>
<generatorID>B62BD2C1-3F59-DCA5-8D3E-8149F98BA942</generatorID>
<ownerDesignName>sql</ownerDesignName>
<useDomainConstraints>false</useDomainConstraints>
<use>1</use>
<logicalDatatype>LOGDT024</logicalDatatype>
<dataTypeSize>50</dataTypeSize>
<ownDataTypeParameters>50,,</ownDataTypeParameters>
<autoIncrementCycle>false</autoIncrementCycle>
</Column>
<Column name="Numer_budynku" id="7A26A04F-DC0E-5B68-3CF8-1350BD901977">
<createdBy>wojci</createdBy>
<createdTime>2023-11-21 19:42:27 UTC</createdTime>
<generatorID>6E2A8BF0-7E95-4B8B-85AB-0494291E24BB</generatorID>
<ownerDesignName>sql</ownerDesignName>
<useDomainConstraints>false</useDomainConstraints>
<use>1</use>
<logicalDatatype>LOGDT019</logicalDatatype>
<dataTypePrecision>4</dataTypePrecision>
<ownDataTypeParameters>,4,</ownDataTypeParameters>
<autoIncrementCycle>false</autoIncrementCycle>
</Column>
<Column name="Miasto" id="C30B9022-6890-90D9-0DE9-BA78A1465EDE">
<createdBy>wojci</createdBy>
<createdTime>2023-11-21 19:42:27 UTC</createdTime>
<generatorID>FF60D94F-C4D5-AE0B-1171-335FD4CDC0B8</generatorID>
<ownerDesignName>sql</ownerDesignName>
<useDomainConstraints>false</useDomainConstraints>
<use>1</use>
<logicalDatatype>LOGDT024</logicalDatatype>
<dataTypeSize>50</dataTypeSize>
<ownDataTypeParameters>50,,</ownDataTypeParameters>
<autoIncrementCycle>false</autoIncrementCycle>
</Column>
<Column name="Kraj" id="39D7152E-DBDF-5444-5A2B-51387BF148E4">
<createdBy>wojci</createdBy>
<createdTime>2023-11-21 19:42:27 UTC</createdTime>
<generatorID>6E1548FC-EF67-784D-9ABB-726AD2E1DA0C</generatorID>
<ownerDesignName>sql</ownerDesignName>
<useDomainConstraints>false</useDomainConstraints>
<use>1</use>
<logicalDatatype>LOGDT024</logicalDatatype>
<dataTypeSize>50</dataTypeSize>
<ownDataTypeParameters>50,,</ownDataTypeParameters>
<autoIncrementCycle>false</autoIncrementCycle>
</Column>
</columns>
<indexes itemClass="oracle.dbtools.crest.model.design.relational.Index">
<ind_PK_UK id="16AA073C-1AEE-6E9D-B272-943D0CC53EF2" name="Klient_PK">
<createdBy>wojci</createdBy>
<createdTime>2023-11-21 19:42:27 UTC</createdTime>
<generatorID>FC7F39A9-0342-9658-3214-5BA1E67DD407</generatorID>
<ownerDesignName>sql</ownerDesignName>
<pk>true</pk>
<indexState>Primary Constraint</indexState>
<isSurrogateKey>false</isSurrogateKey>
<indexColumnUsage>
<colUsage columnID="AF625DEE-FEE2-9522-EA3F-E60D62550623"/>
</indexColumnUsage>
</ind_PK_UK>
</indexes>
</Table>