<?xml version = '1.0' encoding = 'UTF-8'?>
<Table class="oracle.dbtools.crest.model.design.relational.Table" directorySegmentName="seg_0" id="9A8CE44C-62B3-4DFD-9DBB-C60A7D210C23" name="Dostawca_materiału">
<createdBy>wojci</createdBy>
<createdTime>2023-11-21 19:42:27 UTC</createdTime>
<generatorID>E85D1931-22EF-C211-60C6-9F7A05A6D57C</generatorID>
<ownerDesignName>sql</ownerDesignName>
<ordsAlias>dostawca_materialu</ordsAlias>
<allowColumnReorder>false</allowColumnReorder>
<existDependencyGenerateInDDl>true</existDependencyGenerateInDDl>
<parsed>true</parsed>
<columns itemClass="oracle.dbtools.crest.model.design.relational.Column">
<Column name="Nazwa_dostawcy" id="9D2DBC1D-46DA-2284-6CD3-AAB0107959D8">
<createdBy>wojci</createdBy>
<createdTime>2023-11-21 19:42:27 UTC</createdTime>
<generatorID>A04169E5-F9B4-C5E7-6FB6-9283A056BC1B</generatorID>
<ownerDesignName>sql</ownerDesignName>
<useDomainConstraints>false</useDomainConstraints>
<use>1</use>
<logicalDatatype>LOGDT024</logicalDatatype>
<dataTypeSize>70</dataTypeSize>
<ownDataTypeParameters>70,,</ownDataTypeParameters>
<autoIncrementCycle>false</autoIncrementCycle>
</Column>
<Column name="Numer_telefonu" id="AABAA812-642E-DE07-33D5-C164F5A95A12">
<createdBy>wojci</createdBy>
<createdTime>2023-11-21 19:42:27 UTC</createdTime>
<generatorID>D718F819-EC42-A463-2023-6D0A176F4A09</generatorID>
<ownerDesignName>sql</ownerDesignName>
<useDomainConstraints>false</useDomainConstraints>
<use>1</use>
<logicalDatatype>LOGDT019</logicalDatatype>
<dataTypePrecision>9</dataTypePrecision>
<ownDataTypeParameters>,9,</ownDataTypeParameters>
<autoIncrementCycle>false</autoIncrementCycle>
</Column>
<Column name="Adres_Email" id="B26C9177-EA82-E7D1-72C8-D9A3260B0855">
<createdBy>wojci</createdBy>
<createdTime>2023-11-21 19:42:27 UTC</createdTime>
<generatorID>4D0CE29F-5DE7-DF70-30E2-21929C5D203B</generatorID>
<ownerDesignName>sql</ownerDesignName>
<nullsAllowed>true</nullsAllowed>
<useDomainConstraints>false</useDomainConstraints>
<use>1</use>
<logicalDatatype>LOGDT024</logicalDatatype>
<dataTypeSize>100</dataTypeSize>
<ownDataTypeParameters>100,,</ownDataTypeParameters>
<autoIncrementCycle>false</autoIncrementCycle>
</Column>
<Column name="Kod_pocztowy" id="0124DB6E-F963-4272-60CF-DCFA16706577">
<createdBy>wojci</createdBy>
<createdTime>2023-11-21 19:42:27 UTC</createdTime>
<generatorID>3091D3F3-C7F8-0E13-B46C-97CEFB2398C7</generatorID>
<ownerDesignName>sql</ownerDesignName>
<useDomainConstraints>false</useDomainConstraints>
<use>1</use>
<logicalDatatype>LOGDT024</logicalDatatype>
<dataTypeSize>6</dataTypeSize>
<ownDataTypeParameters>6,,</ownDataTypeParameters>
<autoIncrementCycle>false</autoIncrementCycle>
</Column>
<Column name="Ulica" id="F1C926B1-C0E7-48BB-2278-A34AA815C0BF">
<createdBy>wojci</createdBy>
<createdTime>2023-11-21 19:42:27 UTC</createdTime>
<generatorID>649A6360-C558-7DDB-7751-E0A294D1BEC5</generatorID>
<ownerDesignName>sql</ownerDesignName>
<useDomainConstraints>false</useDomainConstraints>
<use>1</use>
<logicalDatatype>LOGDT024</logicalDatatype>
<dataTypeSize>50</dataTypeSize>
<ownDataTypeParameters>50,,</ownDataTypeParameters>
<autoIncrementCycle>false</autoIncrementCycle>
</Column>
<Column name="Numer_budynku" id="D5526E29-4F25-F856-1F96-F99F9B2B6B4C">
<createdBy>wojci</createdBy>
<createdTime>2023-11-21 19:42:27 UTC</createdTime>
<generatorID>E59871F2-3550-AC8B-A955-9D4EFC13E6A0</generatorID>
<ownerDesignName>sql</ownerDesignName>
<useDomainConstraints>false</useDomainConstraints>
<use>1</use>
<logicalDatatype>LOGDT019</logicalDatatype>
<dataTypePrecision>4</dataTypePrecision>
<ownDataTypeParameters>,4,</ownDataTypeParameters>
<autoIncrementCycle>false</autoIncrementCycle>
</Column>
<Column name="Miasto" id="AAB05BC8-CB7A-7822-309A-C9D02E452A46">
<createdBy>wojci</createdBy>
<createdTime>2023-11-21 19:42:27 UTC</createdTime>
<generatorID>0E1B8E76-886C-1890-60E6-9B7E752D88D5</generatorID>
<ownerDesignName>sql</ownerDesignName>
<useDomainConstraints>false</useDomainConstraints>
<use>1</use>
<logicalDatatype>LOGDT024</logicalDatatype>
<dataTypeSize>50</dataTypeSize>
<ownDataTypeParameters>50,,</ownDataTypeParameters>
<autoIncrementCycle>false</autoIncrementCycle>
</Column>
<Column name="Kraj" id="4FF2C35A-F4EC-6186-04B8-A01BB6676B21">
<createdBy>wojci</createdBy>
<createdTime>2023-11-21 19:42:27 UTC</createdTime>
<generatorID>B43D09CE-4C86-D957-24FE-F90D667A8487</generatorID>
<ownerDesignName>sql</ownerDesignName>
<useDomainConstraints>false</useDomainConstraints>
<use>1</use>
<logicalDatatype>LOGDT024</logicalDatatype>
<dataTypeSize>50</dataTypeSize>
<ownDataTypeParameters>50,,</ownDataTypeParameters>
<autoIncrementCycle>false</autoIncrementCycle>
</Column>
</columns>
<indexes itemClass="oracle.dbtools.crest.model.design.relational.Index">
<ind_PK_UK id="5CE6D0AD-4CD2-98CF-D645-80925AD0443E" name="Dostawca_materiału_PK">
<createdBy>wojci</createdBy>
<createdTime>2023-11-21 19:42:27 UTC</createdTime>
<generatorID>147CEF32-B3D1-87D9-EBF2-B74F82149E3D</generatorID>
<ownerDesignName>sql</ownerDesignName>
<pk>true</pk>
<indexState>Primary Constraint</indexState>
<isSurrogateKey>false</isSurrogateKey>
<indexColumnUsage>
<colUsage columnID="9D2DBC1D-46DA-2284-6CD3-AAB0107959D8"/>
</indexColumnUsage>
</ind_PK_UK>
</indexes>
</Table>