<?xml version = '1.0' encoding = 'UTF-8'?>
<FKIndexAssociation class="oracle.dbtools.crest.model.design.relational.FKIndexAssociation" directorySegmentName="seg_0" id="02CE0E16-A6FF-40AD-C59B-201BC76C0225" containerWithKeyObject="A8A7681E-A5A6-2CA6-0764-64E3478EBE7B" localFKIndex="37B0C195-A73A-92DF-13AB-608CDE857659" name="Zamówienie_Stan_zamówienia_FK">
<createdBy>wojci</createdBy>
<createdTime>2023-11-21 19:42:27 UTC</createdTime>
<generatorID>498F0975-BD2E-CA9A-7A9B-39C9A9D78592</generatorID>
<ownerDesignName>sql</ownerDesignName>
<referredTableLongName>Stan_zamówienia</referredTableLongName>
<deleteRule>NO ACTION</deleteRule>
<referredTableID>2103A058-E5FF-7339-2FED-2F61A43FE37F</referredTableID>
<keyObject>67D46DBA-CA43-141E-F977-0EA8C89E0DBD</keyObject>
<referredKeyID>67D46DBA-CA43-141E-F977-0EA8C89E0DBD</referredKeyID>
<mandatory>true</mandatory>
<refColNames>Stan</refColNames>
<transferable>true</transferable>
<rely>false</rely>
<columnDependencyConstraintGenerateInDDL>true</columnDependencyConstraintGenerateInDDL>
</FKIndexAssociation>