<?xml version = '1.0' encoding = 'UTF-8'?>
<FKIndexAssociation class="oracle.dbtools.crest.model.design.relational.FKIndexAssociation" directorySegmentName="seg_0" id="460F65AA-CF35-E673-5A46-856E9DB3B78C" containerWithKeyObject="CE6498DD-01AB-9033-9999-5BDCD637620A" localFKIndex="984F224C-44B5-E367-DFAC-6A47C024029C" name="Przypisane_linni_produkcyjnej_Zamówienie_FK">
<createdBy>wojci</createdBy>
<createdTime>2023-11-21 19:42:27 UTC</createdTime>
<generatorID>AC7F3E06-287F-A7A8-9B74-A5804B2C0AA5</generatorID>
<ownerDesignName>sql</ownerDesignName>
<referredTableLongName>Zamówienie</referredTableLongName>
<deleteRule>NO ACTION</deleteRule>
<referredTableID>A8A7681E-A5A6-2CA6-0764-64E3478EBE7B</referredTableID>
<keyObject>D216C07A-0506-CD7E-3A0C-039BAC521405</keyObject>
<referredKeyID>D216C07A-0506-CD7E-3A0C-039BAC521405</referredKeyID>
<mandatory>true</mandatory>
<refColNames>Numer_zamówienia</refColNames>
<transferable>true</transferable>
<rely>false</rely>
<columnDependencyConstraintGenerateInDDL>true</columnDependencyConstraintGenerateInDDL>
</FKIndexAssociation>