<?xml version = '1.0' encoding = 'UTF-8'?>
<FKIndexAssociation class="oracle.dbtools.crest.model.design.relational.FKIndexAssociation" directorySegmentName="seg_0" id="6CC7AB6D-358C-5A25-BB92-9A2B9B992A77" containerWithKeyObject="CE6498DD-01AB-9033-9999-5BDCD637620A" localFKIndex="37797E4C-6109-EC04-9473-D6F4E4E92BE2" name="Przypisane_linni_produkcyjnej_Linia_produkcyjna_FK">
<createdBy>wojci</createdBy>
<createdTime>2023-11-21 19:42:27 UTC</createdTime>
<generatorID>8418927D-B2C8-850A-71F2-2E42CC99CBD3</generatorID>
<ownerDesignName>sql</ownerDesignName>
<referredTableLongName>Linia_produkcyjna</referredTableLongName>
<deleteRule>NO ACTION</deleteRule>
<referredTableID>DC009609-77AF-D963-0F6B-2F76DFE1322B</referredTableID>
<keyObject>039E4ECA-A6E4-2F88-C479-92B78B653714</keyObject>
<referredKeyID>039E4ECA-A6E4-2F88-C479-92B78B653714</referredKeyID>
<mandatory>true</mandatory>
<refColNames>Numer_linni_produkcyjnej</refColNames>
<transferable>true</transferable>
<rely>false</rely>
<columnDependencyConstraintGenerateInDDL>true</columnDependencyConstraintGenerateInDDL>
</FKIndexAssociation>