<?xml version = '1.0' encoding = 'UTF-8'?>
<Relation class="oracle.dbtools.crest.model.design.logical.Relation" name="Zajęte miejsce Miejsce w Magazynie FK" directorySegmentName="seg_0" id="44422CCD-0B94-64B0-F8E9-87C879E6F924">
<createdBy>wojci</createdBy>
<createdTime>2023-11-13 18:22:51 UTC</createdTime>
<ownerDesignName>sql</ownerDesignName>
<engineerTo>
<item key="A3A49976-83C8-70D5-8051-957844F9DBC1" value="true"/>
</engineerTo>
<sourcePk>8B3EB32D-F82B-280D-0C2C-5BEA9096F40B</sourcePk>
<identifying>true</identifying>
<nameOnSource>jest określane przez</nameOnSource>
<nameOnTarget>określa</nameOnTarget>
<optionalSource>true</optionalSource>
<optionalTarget>false</optionalTarget>
<sourceCardinality>1</sourceCardinality>
<sourceEntity>264DF103-E96F-FBF4-4C07-CC07108C6145</sourceEntity>
<targetCardinalityString>*</targetCardinalityString>
<targetEntity>AEB489F4-38C7-D313-95F8-085A461A00FA</targetEntity>
<transferable>true</transferable>
<deleteRule>NO ACTION</deleteRule>
</Relation>