<?xml version = '1.0' encoding = 'UTF-8'?>
<Relation class="oracle.dbtools.crest.model.design.logical.Relation" name="Zajęte miejsce Zamówienie materiału FK" directorySegmentName="seg_0" id="4CB7C4B8-C9CD-D74C-0A97-B9E987B53A89">
<createdBy>wojci</createdBy>
<createdTime>2023-11-13 18:22:20 UTC</createdTime>
<ownerDesignName>sql</ownerDesignName>
<engineerTo>
<item key="A3A49976-83C8-70D5-8051-957844F9DBC1" value="true"/>
</engineerTo>
<sourcePk>321D0840-A303-C7FC-BA57-1D081421838A</sourcePk>
<identifying>true</identifying>
<nameOnSource>jest składowne</nameOnSource>
<nameOnTarget>składuje</nameOnTarget>
<optionalSource>false</optionalSource>
<optionalTarget>false</optionalTarget>
<sourceCardinality>1</sourceCardinality>
<sourceEntity>52E6AA78-4044-7636-BAD8-DBF623DB9488</sourceEntity>
<targetCardinalityString>*</targetCardinalityString>
<targetEntity>AEB489F4-38C7-D313-95F8-085A461A00FA</targetEntity>
<transferable>true</transferable>
<deleteRule>NO ACTION</deleteRule>
</Relation>