<?xml version = '1.0' encoding = 'UTF-8'?>
<Relation class="oracle.dbtools.crest.model.design.logical.Relation" name="Zamówiony typ produktu Zamówienie FK" directorySegmentName="seg_0" id="53A57B02-7197-A27C-D925-3A11855B5182">
<createdBy>wojci</createdBy>
<createdTime>2023-11-06 16:19:13 UTC</createdTime>
<ownerDesignName>sql</ownerDesignName>
<engineerTo>
<item key="A3A49976-83C8-70D5-8051-957844F9DBC1" value="true"/>
</engineerTo>
<sourcePk>FB55FE6A-DEC6-35C0-1C6F-D4B4ED36ED24</sourcePk>
<identifying>true</identifying>
<nameOnSource>składa się z </nameOnSource>
<nameOnTarget>wchodzi w skład</nameOnTarget>
<optionalSource>false</optionalSource>
<optionalTarget>false</optionalTarget>
<sourceCardinality>1</sourceCardinality>
<sourceEntity>6D250C8E-E351-D58B-0D9E-9FD0EFA58C85</sourceEntity>
<targetCardinalityString>*</targetCardinalityString>
<targetEntity>70F6682A-A8A1-CB9A-B361-C9F2674AC415</targetEntity>
<transferable>true</transferable>
<deleteRule>NO ACTION</deleteRule>
</Relation>