<?xml version = '1.0' encoding = 'UTF-8'?>
<Relation class="oracle.dbtools.crest.model.design.logical.Relation" name="Pracownik Linia produkcyjna FK" directorySegmentName="seg_0" id="8F72BFCA-9220-31E4-33F3-02766CD29710">
<createdBy>wojci</createdBy>
<createdTime>2023-11-06 17:55:05 UTC</createdTime>
<ownerDesignName>sql</ownerDesignName>
<engineerTo>
<item key="A3A49976-83C8-70D5-8051-957844F9DBC1" value="true"/>
</engineerTo>
<sourcePk>B2EB3A4D-7960-F204-0601-9BA133F8B849</sourcePk>
<targetPk>FF63C30B-84C1-E163-0B58-2E2BE028004B</targetPk>
<identifying>false</identifying>
<nameOnSource>pracuje na </nameOnSource>
<nameOnTarget>jest obsługiwana przez</nameOnTarget>
<optionalSource>true</optionalSource>
<optionalTarget>false</optionalTarget>
<sourceCardinality>1</sourceCardinality>
<sourceEntity>FC061AF3-6CEE-B9CD-3EE1-5575FCD5330A</sourceEntity>
<targetCardinalityString>1</targetCardinalityString>
<targetEntity>856C22CD-BC6A-BD8B-884D-564688C1EE5D</targetEntity>
<transferable>true</transferable>
<deleteRule>NO ACTION</deleteRule>
</Relation>