<?xml version = '1.0' encoding = 'UTF-8'?>
<Relation class="oracle.dbtools.crest.model.design.logical.Relation" name="Przypisane linni produkcyjnej Zamówienie FK" directorySegmentName="seg_0" id="AC7F3E06-287F-A7A8-9B74-A5804B2C0AA5">
<createdBy>wojci</createdBy>
<createdTime>2023-11-13 18:29:50 UTC</createdTime>
<ownerDesignName>sql</ownerDesignName>
<engineerTo>
<item key="A3A49976-83C8-70D5-8051-957844F9DBC1" value="true"/>
</engineerTo>
<sourcePk>FB55FE6A-DEC6-35C0-1C6F-D4B4ED36ED24</sourcePk>
<identifying>true</identifying>
<nameOnSource>posiada</nameOnSource>
<nameOnTarget>należy do </nameOnTarget>
<optionalSource>false</optionalSource>
<optionalTarget>false</optionalTarget>
<sourceCardinality>1</sourceCardinality>
<sourceEntity>6D250C8E-E351-D58B-0D9E-9FD0EFA58C85</sourceEntity>
<targetCardinalityString>*</targetCardinalityString>
<targetEntity>92F8BF3E-DAAC-3FEE-DF76-219757FFCFFA</targetEntity>
<transferable>true</transferable>
<deleteRule>NO ACTION</deleteRule>
</Relation>