<?xml version = '1.0' encoding = 'UTF-8'?>
<Relation class="oracle.dbtools.crest.model.design.logical.Relation" name="Pracownik Stanowisko FK" directorySegmentName="seg_0" id="B5FFB02C-D2C2-EB0A-42B5-3DC6E0CF02E9">
<createdBy>wojci</createdBy>
<createdTime>2023-11-06 16:55:29 UTC</createdTime>
<ownerDesignName>sql</ownerDesignName>
<engineerTo>
<item key="A3A49976-83C8-70D5-8051-957844F9DBC1" value="true"/>
</engineerTo>
<sourcePk>C9D6FC3C-D5AC-B05B-24D0-590AF9426ED3</sourcePk>
<identifying>false</identifying>
<nameOnSource>obejmuje</nameOnSource>
<nameOnTarget>zajmuje</nameOnTarget>
<optionalSource>true</optionalSource>
<optionalTarget>false</optionalTarget>
<sourceCardinality>1</sourceCardinality>
<sourceEntity>328773C5-A205-969A-EA38-14C375788E51</sourceEntity>
<targetCardinalityString>*</targetCardinalityString>
<targetEntity>FC061AF3-6CEE-B9CD-3EE1-5575FCD5330A</targetEntity>
<transferable>true</transferable>
<deleteRule>NO ACTION</deleteRule>
</Relation>