<?xml version = '1.0' encoding = 'UTF-8'?>
<Entity class="oracle.dbtools.crest.model.design.logical.Entity" directorySegmentName="seg_0" id="0B073131-6F93-AB4B-B8C6-63FE54CE28BF" name="Produkt">
<createdBy>wojci</createdBy>
<createdTime>2023-11-05 19:59:33 UTC</createdTime>
<ownerDesignName>sql</ownerDesignName>
<engineerTo>
<item key="A3A49976-83C8-70D5-8051-957844F9DBC1" value="true"/>
</engineerTo>
<adequatelyNormalized>NO</adequatelyNormalized>
<expectedVolumes>0</expectedVolumes>
<fwdEngineeringStrategyName>Single Table</fwdEngineeringStrategyName>
<growthPercent>0</growthPercent>
<growthType>Year</growthType>
<maxVolumes>9999999</maxVolumes>
<minVolumes>0</minVolumes>
<normalForm>Third</normalForm>
<attributes itemClass="oracle.dbtools.crest.model.design.logical.Attribute">
<Attribute name="Nazwa produktu" id="7F1ECAB8-3535-D821-0BAD-DC4B7015420E">
<createdBy>wojci</createdBy>
<createdTime>2023-11-05 20:30:05 UTC</createdTime>
<ownerDesignName>sql</ownerDesignName>
<engineerTo>
<item key="A3A49976-83C8-70D5-8051-957844F9DBC1" value="true"/>
</engineerTo>
<useDomainConstraints>false</useDomainConstraints>
<use>1</use>
<logicalDatatype>LOGDT024</logicalDatatype>
<dataTypeSize>50</dataTypeSize>
<ownDataTypeParameters>50,,</ownDataTypeParameters>
</Attribute>
<Attribute name="Cena produkcji" id="42F1496B-7569-A662-AFBF-22C23E71E31D">
<createdBy>wojci</createdBy>
<createdTime>2023-11-05 20:30:53 UTC</createdTime>
<ownerDesignName>sql</ownerDesignName>
<engineerTo>
<item key="A3A49976-83C8-70D5-8051-957844F9DBC1" value="true"/>
</engineerTo>
<useDomainConstraints>false</useDomainConstraints>
<use>1</use>
<logicalDatatype>LOGDT019</logicalDatatype>
<dataTypePrecision>6</dataTypePrecision>
<dataTypeScale>2</dataTypeScale>
<ownDataTypeParameters>,6,2</ownDataTypeParameters>
</Attribute>
<Attribute name="Opis" id="334E9E13-2852-2600-C175-E2F524A80982">
<createdBy>wojci</createdBy>
<createdTime>2023-11-05 20:30:27 UTC</createdTime>
<ownerDesignName>sql</ownerDesignName>
<engineerTo>
<item key="A3A49976-83C8-70D5-8051-957844F9DBC1" value="true"/>
</engineerTo>
<nullsAllowed>true</nullsAllowed>
<useDomainConstraints>false</useDomainConstraints>
<use>1</use>
<logicalDatatype>LOGDT024</logicalDatatype>
<dataTypeSize>200</dataTypeSize>
<ownDataTypeParameters>200,,</ownDataTypeParameters>
</Attribute>
<Attribute name="Kategoria produktu Kategoria" id="04C65546-2FBC-8A74-4064-175D68665E07">
<createdBy>wojci</createdBy>
<createdTime>2023-11-13 17:37:49 UTC</createdTime>
<generatorID>066D9D32-CEDC-0731-4EAE-E13CA9E9D2F8</generatorID>
<ownerDesignName>sql</ownerDesignName>
<engineerTo>
<item key="A3A49976-83C8-70D5-8051-957844F9DBC1" value="true"/>
</engineerTo>
<referedAttribute>BD3693D8-1246-B174-B5B9-7B13FD4E8931</referedAttribute>
<useDomainConstraints>false</useDomainConstraints>
<use>1</use>
<logicalDatatype>LOGDT024</logicalDatatype>
<dataTypeSize>50</dataTypeSize>
<ownDataTypeParameters>50,,</ownDataTypeParameters>
</Attribute>
</attributes>
<identifiers itemClass="oracle.dbtools.crest.model.design.logical.CandidateKey">
<identifier id="BDD2FFE9-7343-FB66-54FA-B5533DCBA5EA" name="Produkt PK">
<createdBy>wojci</createdBy>
<createdTime>2023-11-05 20:30:00 UTC</createdTime>
<ownerDesignName>sql</ownerDesignName>
<shouldEngineer>false</shouldEngineer>
<engineerTo>
<item key="A3A49976-83C8-70D5-8051-957844F9DBC1" value="false"/>
</engineerTo>
<pk>true</pk>
<usedAttributes>
<attributeRef>7F1ECAB8-3535-D821-0BAD-DC4B7015420E</attributeRef>
</usedAttributes>
</identifier>
</identifiers>
</Entity>