<?xml version = '1.0' encoding = 'UTF-8'?>
<Entity class="oracle.dbtools.crest.model.design.logical.Entity" directorySegmentName="seg_0" id="52E6AA78-4044-7636-BAD8-DBF623DB9488" name="Zamówienie materiału">
<createdBy>wojci</createdBy>
<createdTime>2023-11-13 17:46:17 UTC</createdTime>
<ownerDesignName>sql</ownerDesignName>
<engineerTo>
<item key="A3A49976-83C8-70D5-8051-957844F9DBC1" value="true"/>
</engineerTo>
<adequatelyNormalized>NO</adequatelyNormalized>
<expectedVolumes>0</expectedVolumes>
<fwdEngineeringStrategyName>Single Table</fwdEngineeringStrategyName>
<growthPercent>0</growthPercent>
<growthType>Year</growthType>
<maxVolumes>9999999</maxVolumes>
<minVolumes>0</minVolumes>
<normalForm>Third</normalForm>
<attributes itemClass="oracle.dbtools.crest.model.design.logical.Attribute">
<Attribute name="Numer zamówienia" id="A39CE39A-516C-206F-872F-1DCA348A460C">
<createdBy>wojci</createdBy>
<createdTime>2023-11-13 17:56:56 UTC</createdTime>
<ownerDesignName>sql</ownerDesignName>
<engineerTo>
<item key="A3A49976-83C8-70D5-8051-957844F9DBC1" value="true"/>
</engineerTo>
<useDomainConstraints>false</useDomainConstraints>
<use>1</use>
<logicalDatatype>LOGDT019</logicalDatatype>
<dataTypePrecision>4</dataTypePrecision>
<ownDataTypeParameters>,4,</ownDataTypeParameters>
</Attribute>
<Attribute name="Cena zakupu materiału" id="BB058EB7-3917-269F-5CB6-BF7D30FED133">
<createdBy>wojci</createdBy>
<createdTime>2023-11-13 17:56:56 UTC</createdTime>
<ownerDesignName>sql</ownerDesignName>
<engineerTo>
<item key="A3A49976-83C8-70D5-8051-957844F9DBC1" value="true"/>
</engineerTo>
<useDomainConstraints>false</useDomainConstraints>
<use>1</use>
<logicalDatatype>LOGDT019</logicalDatatype>
<dataTypePrecision>5</dataTypePrecision>
<dataTypeScale>2</dataTypeScale>
<ownDataTypeParameters>,5,2</ownDataTypeParameters>
</Attribute>
<Attribute name="Ilość" id="C59DBB00-4740-CE99-1C63-D659C174C180">
<createdBy>wojci</createdBy>
<createdTime>2023-11-13 17:59:38 UTC</createdTime>
<ownerDesignName>sql</ownerDesignName>
<engineerTo>
<item key="A3A49976-83C8-70D5-8051-957844F9DBC1" value="true"/>
</engineerTo>
<useDomainConstraints>false</useDomainConstraints>
<use>1</use>
<logicalDatatype>LOGDT019</logicalDatatype>
<dataTypePrecision>5</dataTypePrecision>
<ownDataTypeParameters>,5,</ownDataTypeParameters>
</Attribute>
<Attribute name="Dostawca materiału Nazwa dostawcy" id="43839BB4-4FF3-3471-4B61-8E5C7A0FBAAD">
<createdBy>wojci</createdBy>
<createdTime>2023-11-13 18:01:27 UTC</createdTime>
<generatorID>6F7D2CEF-E724-6044-3119-6C269991BBB1</generatorID>
<ownerDesignName>sql</ownerDesignName>
<engineerTo>
<item key="A3A49976-83C8-70D5-8051-957844F9DBC1" value="true"/>
</engineerTo>
<referedAttribute>A04169E5-F9B4-C5E7-6FB6-9283A056BC1B</referedAttribute>
<useDomainConstraints>false</useDomainConstraints>
<use>1</use>
<logicalDatatype>LOGDT024</logicalDatatype>
<dataTypeSize>70</dataTypeSize>
<ownDataTypeParameters>70,,</ownDataTypeParameters>
</Attribute>
<Attribute name="Materiał Nazwa materiału" id="95DCB765-FDA7-37EA-19F9-5F1E618618AF">
<createdBy>wojci</createdBy>
<createdTime>2023-11-13 18:02:56 UTC</createdTime>
<generatorID>BFC8C322-FFE5-BCFA-D37C-971C4D6234D8</generatorID>
<ownerDesignName>sql</ownerDesignName>
<engineerTo>
<item key="A3A49976-83C8-70D5-8051-957844F9DBC1" value="true"/>
</engineerTo>
<referedAttribute>6FC161F1-8372-CF5A-6E86-960E57E936CA</referedAttribute>
<useDomainConstraints>false</useDomainConstraints>
<use>1</use>
<logicalDatatype>LOGDT024</logicalDatatype>
<dataTypeSize>50</dataTypeSize>
<ownDataTypeParameters>50,,</ownDataTypeParameters>
</Attribute>
</attributes>
<identifiers itemClass="oracle.dbtools.crest.model.design.logical.CandidateKey">
<identifier id="321D0840-A303-C7FC-BA57-1D081421838A" name="Zamówienie materiału PK">
<createdBy>wojci</createdBy>
<createdTime>2023-11-13 17:58:30 UTC</createdTime>
<ownerDesignName>sql</ownerDesignName>
<shouldEngineer>false</shouldEngineer>
<engineerTo>
<item key="A3A49976-83C8-70D5-8051-957844F9DBC1" value="false"/>
</engineerTo>
<pk>true</pk>
<usedAttributes>
<attributeRef>A39CE39A-516C-206F-872F-1DCA348A460C</attributeRef>
</usedAttributes>
</identifier>
</identifiers>
</Entity>