<?xml version = '1.0' encoding = 'UTF-8'?>
<Entity class="oracle.dbtools.crest.model.design.logical.Entity" directorySegmentName="seg_0" id="5741D120-AC7F-BCE0-BB25-44A67B6431B0" name="Klient">
<createdBy>wojci</createdBy>
<createdTime>2023-11-05 20:05:17 UTC</createdTime>
<ownerDesignName>sql</ownerDesignName>
<engineerTo>
<item key="A3A49976-83C8-70D5-8051-957844F9DBC1" value="true"/>
</engineerTo>
<adequatelyNormalized>NO</adequatelyNormalized>
<expectedVolumes>0</expectedVolumes>
<fwdEngineeringStrategyName>Single Table</fwdEngineeringStrategyName>
<growthPercent>0</growthPercent>
<growthType>Year</growthType>
<maxVolumes>9999999</maxVolumes>
<minVolumes>0</minVolumes>
<normalForm>Third</normalForm>
<attributes itemClass="oracle.dbtools.crest.model.design.logical.Attribute">
<Attribute name="Nazwa firmy" id="6BAF762C-5B42-1456-01E1-EFB4425F5BB0">
<createdBy>wojci</createdBy>
<createdTime>2023-11-06 16:09:08 UTC</createdTime>
<ownerDesignName>sql</ownerDesignName>
<engineerTo>
<item key="A3A49976-83C8-70D5-8051-957844F9DBC1" value="true"/>
</engineerTo>
<useDomainConstraints>false</useDomainConstraints>
<use>1</use>
<logicalDatatype>LOGDT024</logicalDatatype>
<dataTypeSize>50</dataTypeSize>
<ownDataTypeParameters>50,,</ownDataTypeParameters>
</Attribute>
<Attribute name="Numer telefonu" id="A4BA797A-386A-7209-D8C9-63E0F765B274">
<createdBy>wojci</createdBy>
<createdTime>2023-11-06 16:10:27 UTC</createdTime>
<ownerDesignName>sql</ownerDesignName>
<engineerTo>
<item key="A3A49976-83C8-70D5-8051-957844F9DBC1" value="true"/>
</engineerTo>
<useDomainConstraints>false</useDomainConstraints>
<use>1</use>
<logicalDatatype>LOGDT019</logicalDatatype>
<dataTypePrecision>9</dataTypePrecision>
<ownDataTypeParameters>,9,</ownDataTypeParameters>
</Attribute>
<Attribute name="Adres Email" id="ED8404AA-4623-8438-4081-FABDB6579F37">
<createdBy>wojci</createdBy>
<createdTime>2023-11-06 16:10:28 UTC</createdTime>
<ownerDesignName>sql</ownerDesignName>
<engineerTo>
<item key="A3A49976-83C8-70D5-8051-957844F9DBC1" value="true"/>
</engineerTo>
<useDomainConstraints>false</useDomainConstraints>
<use>1</use>
<logicalDatatype>LOGDT024</logicalDatatype>
<dataTypeSize>50</dataTypeSize>
<ownDataTypeParameters>50,,</ownDataTypeParameters>
</Attribute>
<Attribute name="Kod pocztowy" id="79BA9038-53E3-1DCE-EABB-7D175CB03BD5">
<createdBy>wojci</createdBy>
<createdTime>2023-11-13 17:52:08 UTC</createdTime>
<ownerDesignName>sql</ownerDesignName>
<engineerTo>
<item key="A3A49976-83C8-70D5-8051-957844F9DBC1" value="true"/>
</engineerTo>
<useDomainConstraints>false</useDomainConstraints>
<use>1</use>
<logicalDatatype>LOGDT019</logicalDatatype>
<dataTypePrecision>5</dataTypePrecision>
<ownDataTypeParameters>,5,</ownDataTypeParameters>
</Attribute>
<Attribute name="Ulica" id="B62BD2C1-3F59-DCA5-8D3E-8149F98BA942">
<createdBy>wojci</createdBy>
<createdTime>2023-11-13 17:52:08 UTC</createdTime>
<ownerDesignName>sql</ownerDesignName>
<engineerTo>
<item key="A3A49976-83C8-70D5-8051-957844F9DBC1" value="true"/>
</engineerTo>
<useDomainConstraints>false</useDomainConstraints>
<use>1</use>
<logicalDatatype>LOGDT024</logicalDatatype>
<dataTypeSize>50</dataTypeSize>
<ownDataTypeParameters>50,,</ownDataTypeParameters>
</Attribute>
<Attribute name="Numer budynku" id="6E2A8BF0-7E95-4B8B-85AB-0494291E24BB">
<createdBy>wojci</createdBy>
<createdTime>2023-11-13 17:52:08 UTC</createdTime>
<ownerDesignName>sql</ownerDesignName>
<engineerTo>
<item key="A3A49976-83C8-70D5-8051-957844F9DBC1" value="true"/>
</engineerTo>
<useDomainConstraints>false</useDomainConstraints>
<use>1</use>
<logicalDatatype>LOGDT019</logicalDatatype>
<dataTypePrecision>4</dataTypePrecision>
<ownDataTypeParameters>,4,</ownDataTypeParameters>
</Attribute>
<Attribute name="Miasto" id="FF60D94F-C4D5-AE0B-1171-335FD4CDC0B8">
<createdBy>wojci</createdBy>
<createdTime>2023-11-13 17:52:08 UTC</createdTime>
<ownerDesignName>sql</ownerDesignName>
<engineerTo>
<item key="A3A49976-83C8-70D5-8051-957844F9DBC1" value="true"/>
</engineerTo>
<useDomainConstraints>false</useDomainConstraints>
<use>1</use>
<logicalDatatype>LOGDT024</logicalDatatype>
<dataTypeSize>50</dataTypeSize>
<ownDataTypeParameters>50,,</ownDataTypeParameters>
</Attribute>
<Attribute name="Kraj" id="6E1548FC-EF67-784D-9ABB-726AD2E1DA0C">
<createdBy>wojci</createdBy>
<createdTime>2023-11-13 17:52:08 UTC</createdTime>
<ownerDesignName>sql</ownerDesignName>
<engineerTo>
<item key="A3A49976-83C8-70D5-8051-957844F9DBC1" value="true"/>
</engineerTo>
<useDomainConstraints>false</useDomainConstraints>
<use>1</use>
<logicalDatatype>LOGDT024</logicalDatatype>
<dataTypeSize>50</dataTypeSize>
<ownDataTypeParameters>50,,</ownDataTypeParameters>
</Attribute>
</attributes>
<identifiers itemClass="oracle.dbtools.crest.model.design.logical.CandidateKey">
<identifier id="FC7F39A9-0342-9658-3214-5BA1E67DD407" name="Klient PK">
<createdBy>wojci</createdBy>
<createdTime>2023-11-06 16:08:34 UTC</createdTime>
<ownerDesignName>sql</ownerDesignName>
<shouldEngineer>false</shouldEngineer>
<engineerTo>
<item key="A3A49976-83C8-70D5-8051-957844F9DBC1" value="false"/>
</engineerTo>
<pk>true</pk>
<usedAttributes>
<attributeRef>6BAF762C-5B42-1456-01E1-EFB4425F5BB0</attributeRef>
</usedAttributes>
</identifier>
</identifiers>
</Entity>