<?xml version = '1.0' encoding = 'UTF-8'?>
<Entity class="oracle.dbtools.crest.model.design.logical.Entity" directorySegmentName="seg_0" id="6866A037-67CD-E3AE-57C7-54980346CF00" name="Wymagany materiał">
<createdBy>wojci</createdBy>
<createdTime>2023-11-13 17:54:19 UTC</createdTime>
<ownerDesignName>sql</ownerDesignName>
<engineerTo>
<item key="A3A49976-83C8-70D5-8051-957844F9DBC1" value="true"/>
</engineerTo>
<adequatelyNormalized>NO</adequatelyNormalized>
<expectedVolumes>0</expectedVolumes>
<fwdEngineeringStrategyName>Single Table</fwdEngineeringStrategyName>
<growthPercent>0</growthPercent>
<growthType>Year</growthType>
<maxVolumes>9999999</maxVolumes>
<minVolumes>0</minVolumes>
<normalForm>Third</normalForm>
<attributes itemClass="oracle.dbtools.crest.model.design.logical.Attribute">
<Attribute name="Ilość materiału" id="5598FFF7-3FC7-501C-19DC-D27552B33C84">
<createdBy>wojci</createdBy>
<createdTime>2023-11-13 18:09:17 UTC</createdTime>
<ownerDesignName>sql</ownerDesignName>
<engineerTo>
<item key="A3A49976-83C8-70D5-8051-957844F9DBC1" value="true"/>
</engineerTo>
<useDomainConstraints>false</useDomainConstraints>
<use>1</use>
<logicalDatatype>LOGDT019</logicalDatatype>
<dataTypePrecision>5</dataTypePrecision>
<ownDataTypeParameters>,5,</ownDataTypeParameters>
</Attribute>
<Attribute name="Materiał Nazwa materiału" id="2ED20218-2F76-2470-0F64-C3060DCFA232">
<createdBy>wojci</createdBy>
<createdTime>2023-11-13 18:12:49 UTC</createdTime>
<generatorID>C23CEAAE-0CC9-A3AE-112D-2AB4B0277960</generatorID>
<ownerDesignName>sql</ownerDesignName>
<engineerTo>
<item key="A3A49976-83C8-70D5-8051-957844F9DBC1" value="true"/>
</engineerTo>
<referedAttribute>6FC161F1-8372-CF5A-6E86-960E57E936CA</referedAttribute>
<useDomainConstraints>false</useDomainConstraints>
<use>1</use>
<logicalDatatype>LOGDT024</logicalDatatype>
<dataTypeSize>50</dataTypeSize>
<ownDataTypeParameters>50,,</ownDataTypeParameters>
</Attribute>
<Attribute name="Produkt Nazwa produktu" id="AD20791F-6FC8-6D25-0A65-F79C1A99857C">
<createdBy>wojci</createdBy>
<createdTime>2023-11-13 18:14:53 UTC</createdTime>
<generatorID>D45EF195-496A-EF5E-11CF-A5AC163EE153</generatorID>
<ownerDesignName>sql</ownerDesignName>
<engineerTo>
<item key="A3A49976-83C8-70D5-8051-957844F9DBC1" value="true"/>
</engineerTo>
<referedAttribute>7F1ECAB8-3535-D821-0BAD-DC4B7015420E</referedAttribute>
<useDomainConstraints>false</useDomainConstraints>
<use>1</use>
<logicalDatatype>LOGDT024</logicalDatatype>
<dataTypeSize>50</dataTypeSize>
<ownDataTypeParameters>50,,</ownDataTypeParameters>
</Attribute>
<Attribute name="Id" id="F2C1A234-3FA6-A0BD-C32B-259DA8A152D5">
<createdBy>wojci</createdBy>
<createdTime>2023-11-27 15:48:24 UTC</createdTime>
<generatorID>88FB7AF8-E8C3-6250-EA21-46AC296D789D</generatorID>
<ownerDesignName>sql</ownerDesignName>
<engineerTo>
<item key="A3A49976-83C8-70D5-8051-957844F9DBC1" value="true"/>
</engineerTo>
<useDomainConstraints>false</useDomainConstraints>
<use>1</use>
<logicalDatatype>LOGDT019</logicalDatatype>
<dataTypePrecision>10</dataTypePrecision>
<ownDataTypeParameters>,10,</ownDataTypeParameters>
</Attribute>
</attributes>
<identifiers itemClass="oracle.dbtools.crest.model.design.logical.CandidateKey">
<identifier id="9C142744-4771-B64F-98AC-D6532690261E" name="Wymagany materiał PK">
<createdBy>wojci</createdBy>
<createdTime>2023-11-13 18:12:54 UTC</createdTime>
<ownerDesignName>sql</ownerDesignName>
<shouldEngineer>false</shouldEngineer>
<engineerTo>
<item key="A3A49976-83C8-70D5-8051-957844F9DBC1" value="false"/>
</engineerTo>
<pk>true</pk>
<usedAttributes>
<attributeRef>2ED20218-2F76-2470-0F64-C3060DCFA232</attributeRef>
<attributeRef>AD20791F-6FC8-6D25-0A65-F79C1A99857C</attributeRef>
</usedAttributes>
</identifier>
</identifiers>
</Entity>