<?xml version = '1.0' encoding = 'UTF-8'?>
<Entity class="oracle.dbtools.crest.model.design.logical.Entity" directorySegmentName="seg_0" id="AEB489F4-38C7-D313-95F8-085A461A00FA" name="Zajęte miejsce">
<createdBy>wojci</createdBy>
<createdTime>2023-11-13 18:18:56 UTC</createdTime>
<ownerDesignName>sql</ownerDesignName>
<engineerTo>
<item key="A3A49976-83C8-70D5-8051-957844F9DBC1" value="true"/>
</engineerTo>
<adequatelyNormalized>NO</adequatelyNormalized>
<expectedVolumes>0</expectedVolumes>
<fwdEngineeringStrategyName>Single Table</fwdEngineeringStrategyName>
<growthPercent>0</growthPercent>
<growthType>Year</growthType>
<maxVolumes>9999999</maxVolumes>
<minVolumes>0</minVolumes>
<normalForm>Third</normalForm>
<attributes itemClass="oracle.dbtools.crest.model.design.logical.Attribute">
<Attribute name="Ilość materiału" id="180065DF-3964-C68C-D3E1-8B309DBBD67E">
<createdBy>wojci</createdBy>
<createdTime>2023-11-13 18:19:17 UTC</createdTime>
<ownerDesignName>sql</ownerDesignName>
<engineerTo>
<item key="A3A49976-83C8-70D5-8051-957844F9DBC1" value="true"/>
</engineerTo>
<useDomainConstraints>false</useDomainConstraints>
<use>1</use>
<logicalDatatype>LOGDT019</logicalDatatype>
<dataTypePrecision>5</dataTypePrecision>
<ownDataTypeParameters>,5,</ownDataTypeParameters>
</Attribute>
<Attribute name="Zamówienie materiału Numer zamówienia" id="D81AAD57-3241-D4A5-114A-B7536CAF4AC3">
<createdBy>wojci</createdBy>
<createdTime>2023-11-13 18:22:20 UTC</createdTime>
<generatorID>4CB7C4B8-C9CD-D74C-0A97-B9E987B53A89</generatorID>
<ownerDesignName>sql</ownerDesignName>
<engineerTo>
<item key="A3A49976-83C8-70D5-8051-957844F9DBC1" value="true"/>
</engineerTo>
<referedAttribute>A39CE39A-516C-206F-872F-1DCA348A460C</referedAttribute>
<useDomainConstraints>false</useDomainConstraints>
<use>1</use>
<logicalDatatype>LOGDT019</logicalDatatype>
<dataTypePrecision>4</dataTypePrecision>
<ownDataTypeParameters>,4,</ownDataTypeParameters>
</Attribute>
<Attribute name="Miejsce w Magazynie Numer alejki" id="B911DFF8-62E8-842A-BB5F-C66F07F3A2DF">
<createdBy>wojci</createdBy>
<createdTime>2023-11-13 18:22:51 UTC</createdTime>
<generatorID>44422CCD-0B94-64B0-F8E9-87C879E6F924</generatorID>
<ownerDesignName>sql</ownerDesignName>
<engineerTo>
<item key="A3A49976-83C8-70D5-8051-957844F9DBC1" value="true"/>
</engineerTo>
<referedAttribute>2CD02C80-E182-E89C-D0DB-9A85F01BB20F</referedAttribute>
<useDomainConstraints>false</useDomainConstraints>
<use>1</use>
<logicalDatatype>LOGDT019</logicalDatatype>
<dataTypePrecision>2</dataTypePrecision>
<ownDataTypeParameters>,2,</ownDataTypeParameters>
</Attribute>
<Attribute name="Miejsce w Magazynie Numer miejsca" id="EA1CBC3B-712F-43C6-9034-84EFBF2DD309">
<createdBy>wojci</createdBy>
<createdTime>2023-11-13 18:22:51 UTC</createdTime>
<generatorID>44422CCD-0B94-64B0-F8E9-87C879E6F924</generatorID>
<ownerDesignName>sql</ownerDesignName>
<engineerTo>
<item key="A3A49976-83C8-70D5-8051-957844F9DBC1" value="true"/>
</engineerTo>
<referedAttribute>FFDD7C5E-DDEF-5479-6EBF-0D45B2534F2F</referedAttribute>
<useDomainConstraints>false</useDomainConstraints>
<use>1</use>
<logicalDatatype>LOGDT019</logicalDatatype>
<dataTypePrecision>2</dataTypePrecision>
<ownDataTypeParameters>,2,</ownDataTypeParameters>
</Attribute>
<Attribute name="Id" id="3E9FDD1E-5C26-5F20-080A-C52B9A5607B8">
<createdBy>wojci</createdBy>
<createdTime>2023-11-27 15:48:24 UTC</createdTime>
<generatorID>EF9A965C-6481-7AA9-8A36-10FF4FAFA600</generatorID>
<ownerDesignName>sql</ownerDesignName>
<engineerTo>
<item key="A3A49976-83C8-70D5-8051-957844F9DBC1" value="true"/>
</engineerTo>
<useDomainConstraints>false</useDomainConstraints>
<use>1</use>
<logicalDatatype>LOGDT019</logicalDatatype>
<dataTypePrecision>10</dataTypePrecision>
<ownDataTypeParameters>,10,</ownDataTypeParameters>
</Attribute>
</attributes>
<identifiers itemClass="oracle.dbtools.crest.model.design.logical.CandidateKey">
<identifier id="346551D1-75E2-4CD8-2A90-4136D56ADC62" name="Zajęte miejsce PK">
<createdBy>wojci</createdBy>
<createdTime>2023-11-13 18:22:46 UTC</createdTime>
<ownerDesignName>sql</ownerDesignName>
<shouldEngineer>false</shouldEngineer>
<engineerTo>
<item key="A3A49976-83C8-70D5-8051-957844F9DBC1" value="false"/>
</engineerTo>
<pk>true</pk>
<usedAttributes>
<attributeRef>D81AAD57-3241-D4A5-114A-B7536CAF4AC3</attributeRef>
<attributeRef>B911DFF8-62E8-842A-BB5F-C66F07F3A2DF</attributeRef>
<attributeRef>EA1CBC3B-712F-43C6-9034-84EFBF2DD309</attributeRef>
</usedAttributes>
</identifier>
</identifiers>
</Entity>