<?xml version = '1.0' encoding = 'UTF-8'?>
<Entity class="oracle.dbtools.crest.model.design.logical.Entity" directorySegmentName="seg_0" id="E85D1931-22EF-C211-60C6-9F7A05A6D57C" name="Dostawca materiału">
<createdBy>wojci</createdBy>
<createdTime>2023-11-05 20:25:11 UTC</createdTime>
<ownerDesignName>sql</ownerDesignName>
<engineerTo>
<item key="A3A49976-83C8-70D5-8051-957844F9DBC1" value="true"/>
</engineerTo>
<adequatelyNormalized>NO</adequatelyNormalized>
<expectedVolumes>0</expectedVolumes>
<fwdEngineeringStrategyName>Single Table</fwdEngineeringStrategyName>
<growthPercent>0</growthPercent>
<growthType>Year</growthType>
<maxVolumes>9999999</maxVolumes>
<minVolumes>0</minVolumes>
<normalForm>Third</normalForm>
<attributes itemClass="oracle.dbtools.crest.model.design.logical.Attribute">
<Attribute name="Nazwa dostawcy" id="A04169E5-F9B4-C5E7-6FB6-9283A056BC1B">
<createdBy>wojci</createdBy>
<createdTime>2023-11-06 16:28:37 UTC</createdTime>
<ownerDesignName>sql</ownerDesignName>
<engineerTo>
<item key="A3A49976-83C8-70D5-8051-957844F9DBC1" value="true"/>
</engineerTo>
<useDomainConstraints>false</useDomainConstraints>
<use>1</use>
<logicalDatatype>LOGDT024</logicalDatatype>
<dataTypeSize>70</dataTypeSize>
<ownDataTypeParameters>70,,</ownDataTypeParameters>
</Attribute>
<Attribute name="Numer telefonu" id="D718F819-EC42-A463-2023-6D0A176F4A09">
<createdBy>wojci</createdBy>
<createdTime>2023-11-06 16:29:14 UTC</createdTime>
<ownerDesignName>sql</ownerDesignName>
<engineerTo>
<item key="A3A49976-83C8-70D5-8051-957844F9DBC1" value="true"/>
</engineerTo>
<useDomainConstraints>false</useDomainConstraints>
<use>1</use>
<logicalDatatype>LOGDT019</logicalDatatype>
<dataTypePrecision>9</dataTypePrecision>
<ownDataTypeParameters>,9,</ownDataTypeParameters>
</Attribute>
<Attribute name="Adres Email" id="4D0CE29F-5DE7-DF70-30E2-21929C5D203B">
<createdBy>wojci</createdBy>
<createdTime>2023-11-06 16:29:41 UTC</createdTime>
<ownerDesignName>sql</ownerDesignName>
<engineerTo>
<item key="A3A49976-83C8-70D5-8051-957844F9DBC1" value="true"/>
</engineerTo>
<nullsAllowed>true</nullsAllowed>
<useDomainConstraints>false</useDomainConstraints>
<use>1</use>
<logicalDatatype>LOGDT024</logicalDatatype>
<dataTypeSize>100</dataTypeSize>
<ownDataTypeParameters>100,,</ownDataTypeParameters>
</Attribute>
<Attribute name="Kod pocztowy" id="3091D3F3-C7F8-0E13-B46C-97CEFB2398C7">
<createdBy>wojci</createdBy>
<createdTime>2023-11-13 17:47:59 UTC</createdTime>
<ownerDesignName>sql</ownerDesignName>
<engineerTo>
<item key="A3A49976-83C8-70D5-8051-957844F9DBC1" value="true"/>
</engineerTo>
<useDomainConstraints>false</useDomainConstraints>
<use>1</use>
<logicalDatatype>LOGDT019</logicalDatatype>
<dataTypePrecision>5</dataTypePrecision>
<ownDataTypeParameters>,5,</ownDataTypeParameters>
</Attribute>
<Attribute name="Ulica" id="649A6360-C558-7DDB-7751-E0A294D1BEC5">
<createdBy>wojci</createdBy>
<createdTime>2023-11-13 17:48:00 UTC</createdTime>
<ownerDesignName>sql</ownerDesignName>
<engineerTo>
<item key="A3A49976-83C8-70D5-8051-957844F9DBC1" value="true"/>
</engineerTo>
<useDomainConstraints>false</useDomainConstraints>
<use>1</use>
<logicalDatatype>LOGDT024</logicalDatatype>
<dataTypeSize>50</dataTypeSize>
<ownDataTypeParameters>50,,</ownDataTypeParameters>
</Attribute>
<Attribute name="Numer budynku" id="E59871F2-3550-AC8B-A955-9D4EFC13E6A0">
<createdBy>wojci</createdBy>
<createdTime>2023-11-13 17:48:00 UTC</createdTime>
<ownerDesignName>sql</ownerDesignName>
<engineerTo>
<item key="A3A49976-83C8-70D5-8051-957844F9DBC1" value="true"/>
</engineerTo>
<useDomainConstraints>false</useDomainConstraints>
<use>1</use>
<logicalDatatype>LOGDT019</logicalDatatype>
<dataTypePrecision>4</dataTypePrecision>
<ownDataTypeParameters>,4,</ownDataTypeParameters>
</Attribute>
<Attribute name="Miasto" id="0E1B8E76-886C-1890-60E6-9B7E752D88D5">
<createdBy>wojci</createdBy>
<createdTime>2023-11-13 17:48:00 UTC</createdTime>
<ownerDesignName>sql</ownerDesignName>
<engineerTo>
<item key="A3A49976-83C8-70D5-8051-957844F9DBC1" value="true"/>
</engineerTo>
<useDomainConstraints>false</useDomainConstraints>
<use>1</use>
<logicalDatatype>LOGDT024</logicalDatatype>
<dataTypeSize>50</dataTypeSize>
<ownDataTypeParameters>50,,</ownDataTypeParameters>
</Attribute>
<Attribute name="Kraj" id="B43D09CE-4C86-D957-24FE-F90D667A8487">
<createdBy>wojci</createdBy>
<createdTime>2023-11-13 17:48:01 UTC</createdTime>
<ownerDesignName>sql</ownerDesignName>
<engineerTo>
<item key="A3A49976-83C8-70D5-8051-957844F9DBC1" value="true"/>
</engineerTo>
<useDomainConstraints>false</useDomainConstraints>
<use>1</use>
<logicalDatatype>LOGDT024</logicalDatatype>
<dataTypeSize>50</dataTypeSize>
<ownDataTypeParameters>50,,</ownDataTypeParameters>
</Attribute>
</attributes>
<identifiers itemClass="oracle.dbtools.crest.model.design.logical.CandidateKey">
<identifier id="147CEF32-B3D1-87D9-EBF2-B74F82149E3D" name="Dostawca_materiału_PK">
<createdBy>wojci</createdBy>
<createdTime>2023-11-06 16:28:28 UTC</createdTime>
<ownerDesignName>sql</ownerDesignName>
<shouldEngineer>false</shouldEngineer>
<engineerTo>
<item key="A3A49976-83C8-70D5-8051-957844F9DBC1" value="false"/>
</engineerTo>
<pk>true</pk>
<usedAttributes>
<attributeRef>A04169E5-F9B4-C5E7-6FB6-9283A056BC1B</attributeRef>
</usedAttributes>
</identifier>
</identifiers>
</Entity>